[
  {
    "title": "A Song of Autumn",
    "author": "Adam Lindsay Gordon",
    "lines": [
      "‘WHERE shall we go for our garlands glad",
      "At the falling of the year,",
      "When the burnt-up banks are yellow and sad,",
      "When the boughs are yellow and sere?",
      "Where are the old ones that once we had,",
      "And when are the new ones near?",
      "What shall we do for our garlands glad",
      "At the falling of the year?’",
      "‘Child! can I tell where the garlands go?",
      "Can I say where the lost leaves veer",
      "On the brown-burnt banks, when the wild winds blow,",
      "When they drift through the dead-wood drear?",
      "Girl! when the garlands of next year glow,",
      "You may gather again, my dear—",
      "But I go where the last year’s lost leaves go",
      "At the falling of the year.’"
    ],
    "linecount": "16",
    "ratings": [ 1, 4 ]
  },
  {
    "title": "An Exile's Farewell",
    "author": "Adam Lindsay Gordon",
    "lines": [
      "The ocean heaves around us still",
      "With long and measured swell,",
      "The autumn gales our canvas fill,",
      "Our ship rides smooth and well.",
      "The broad Atlantic's bed of foam",
      "Still breaks against our prow;",
      "I shed no tears at quitting home,",
      "Nor will I shed them now!",
      "",
      "Against the bulwarks on the poop",
      "I lean, and watch the sun",
      "Behind the red horizon stoop —",
      "His race is nearly run.",
      "Those waves will never quench his light,",
      "O'er which they seem to close,",
      "To-morrow he will rise as bright",
      "As he this morning rose.",
      "",
      "How brightly gleams the orb of day",
      "Across the trackless sea!",
      "How lightly dance the waves that play",
      "Like dolphins in our lee!",
      "The restless waters seem to say,",
      "In smothered tones to me,",
      "How many thousand miles away",
      "My native land must be!",
      "",
      "Speak, Ocean! is my Home the same",
      "Now all is new to me? —",
      "The tropic sky's resplendent flame,",
      "The vast expanse of sea?",
      "Does all around her, yet unchanged,",
      "The well-known aspect wear?",
      "Oh! can the leagues that I have ranged",
      "Have made no difference there?",
      "",
      "How vivid Recollection's hand",
      "Recalls the scene once more!",
      "I see the same tall poplars stand",
      "Beside the garden door;",
      "I see the bird-cage hanging still;",
      "And where my sister set",
      "The flowers in the window-sill —",
      "Can they be living yet?",
      "",
      "Let woman's nature cherish grief,",
      "I rarely heave a sigh",
      "Before emotion takes relief",
      "In listless apathy;",
      "While from my pipe the vapours curl",
      "Towards the evening sky,",
      "And 'neath my feet the billows whirl",
      "In dull monotony!",
      "",
      "The sky still wears the crimson streak",
      "Of Sol's departing ray,",
      "Some briny drops are on my cheek,",
      "'Tis but the salt sea spray!",
      "Then let our barque the ocean roam,",
      "Our keel the billows plough;",
      "I shed no tears at quitting home,",
      "Nor will I shed them now!"
    ],
    "linecount": "56",
    "ratings": [ 5, 5 ]
  },
  {
    "title": "I Have A Rendezvous With Death",
    "author": "Alan Seeger",
    "lines": [
      "I have a rendezvous with Death",
      "At some disputed barricade,",
      "When Spring comes back with rustling shade",
      "And apple-blossoms fill the air—",
      "I have a rendezvous with Death",
      "When Spring brings back blue days and fair.",
      "",
      "It may be he shall take my hand",
      "And lead me into his dark land",
      "And close my eyes and quench my breath—",
      "It may be I shall pass him still.",
      "I have a rendezvous with Death",
      "On some scarred slope of battered hill",
      "When Spring comes round again this year",
      "And the first meadow-flowers appear.",
      "",
      "God knows 'twere better to be deep",
      "Pillowed in silk and scented down,",
      "Where Love throbs out in blissful sleep,",
      "Pulse nigh to pulse, and breath to breath,",
      "Where hushed awakenings are dear...",
      "But I've a rendezvous with Death",
      "At midnight in some flaming town,",
      "When Spring trips north again this year,",
      "And I to my pledged word am true,",
      "I shall not fail that rendezvous."
    ],
    "linecount": "24",
    "ratings": [ ]
  },
  {
    "title": "Epitaph. Intended for Sir Isaac Newton, in Westminster Abbey.",
    "author": "Alexander Pope",
    "lines": [
      "    ISAACUS NEWTONUS:",
      "    QUEM IMMORTALEM",
      "TESTANTUR TEMPUS, NATURA, COELUM:",
      "      MORTALEM",
      "    HOC MARMOR FATETUR.",
      "",
      "Nature and Nature's laws lay hid in night",
      "God said, Let Newton be! and all was light."
    ],
    "linecount": "7",
    "ratings": [ 4, 2 ]
  },
  {
    "title": "Not at Home to Callers",
    "author": "Emily Dickinson",
    "lines": [
      "Not at Home to Callers",
      "Says the Naked Tree --",
      "Bonnet due in April --",
      "Wishing you Good Day --"
    ],
    "linecount": "4",
    "ratings": [ 1, 1 ]
  },
  {
    "title": "Ode in Memory of the American Volunteers Fallen for France",
    "author": "Alan Seeger",
    "lines": [
      "I",
      "",
      "Ay, it is fitting on this holiday,",
      "Commemorative of our soldier dead,",
      "When -- with sweet flowers of our New England May",
      "Hiding the lichened stones by fifty years made gray --",
      "Their graves in every town are garlanded,",
      "That pious tribute should be given too",
      "To our intrepid few",
      "Obscurely fallen here beyond the seas.",
      "Those to preserve their country's greatness died;",
      "But by the death of these",
      "Something that we can look upon with pride",
      "Has been achieved, nor wholly unreplied",
      "Can sneerers triumph in the charge they make",
      "That from a war where Freedom was at stake",
      "America withheld and, daunted, stood aside.",
      "",
      "II",
      "",
      "Be they remembered here with each reviving spring,",
      "Not only that in May, when life is loveliest,",
      "Around Neuville-Saint-Vaast and the disputed crest",
      "Of Vimy, they, superb, unfaltering,",
      "In that fine onslaught that no fire could halt,",
      "Parted impetuous to their first assault;",
      "But that they brought fresh hearts and springlike too",
      "To that high mission, and 'tis meet to strew",
      "With twigs of lilac and spring's earliest rose",
      "The cenotaph of those",
      "Who in the cause that history most endears",
      "Fell in the sunny morn and flower of their young years.",
      "",
      "III",
      "",
      "et sought they neither recompense nor praise,",
      "Nor to be mentioned in another breath",
      "Than their blue coated comrades whose great days",
      "It was their pride to share -- ay, share even to the death!",
      "Nay, rather, France, to you they rendered thanks",
      "(Seeing they came for honor, not for gain),",
      "Who, opening to them your glorious ranks,",
      "Gave them that grand occasion to excel,",
      "That chance to live the life most free from stain",
      "And that rare privilege of dying well.",
      "",
      "IV",
      "",
      "O friends! I know not since that war began",
      "From which no people nobly stands aloof",
      "If in all moments we have given proof",
      "Of virtues that were thought American.",
      "I know not if in all things done and said",
      "All has been well and good,",
      "Or if each one of us can hold his head",
      "As proudly as he should,",
      "Or, from the pattern of those mighty dead",
      "Whose shades our country venerates to-day,",
      "",
      "If we've not somewhat fallen and somewhat gone astray.",
      "But you to whom our land's good name is dear,",
      "If there be any here",
      "Who wonder if her manhood be decreased,",
      "Relaxed its sinews and its blood less red",
      "Than that at Shiloh and Antietam shed,",
      "Be proud of these, have joy in this at least,",
      "And cry: \"Now heaven be praised",
      "That in that hour that most imperilled her,",
      "Menaced her liberty who foremost raised",
      "Europe's bright flag of freedom, some there were",
      "Who, not unmindful of the antique debt,",
      "Came back the generous path of Lafayette;",
      "And when of a most formidable foe",
      "She checked each onset, arduous to stem --",
      "Foiled and frustrated them --",
      "On those red fields where blow with furious blow",
      "Was countered, whether the gigantic fray",
      "Rolled by the Meuse or at the Bois Sabot,",
      "Accents of ours were in the fierce melee;",
      "And on those furthest rims of hallowed ground",
      "Where the forlorn, the gallant charge expires,",
      "When the slain bugler has long ceased to sound,",
      "And on the tangled wires",
      "The last wild rally staggers, crumbles, stops,",
      "Withered beneath the shrapnel's iron showers: --",
      "Now heaven be thanked, we gave a few brave drops;",
      "Now heaven be thanked, a few brave drops were ours.\"",
      "",
      "V",
      "",
      "There, holding still, in frozen steadfastness,",
      "Their bayonets toward the beckoning frontiers,",
      "They lie -- our comrades -- lie among their peers,",
      "Clad in the glory of fallen warriors,",
      "Grim clusters under thorny trellises,",
      "Dry, furthest foam upon disastrous shores,",
      "Leaves that made last year beautiful, still strewn",
      "Even as they fell, unchanged, beneath the changing moon;",
      "And earth in her divine indifference",
      "Rolls on, and many paltry things and mean",
      "Prate to be heard and caper to be seen.",
      "But they are silent, calm; their eloquence",
      "Is that incomparable attitude;",
      "No human presences their witness are,",
      "But summer clouds and sunset crimson-hued,",
      "And showers and night winds and the northern star.",
      "Nay, even our salutations seem profane,",
      "Opposed to their Elysian quietude;",
      "Our salutations calling from afar,",
      "From our ignobler plane",
      "And undistinction of our lesser parts:",
      "Hail, brothers, and farewell; you are twice blest, brave hearts.",
      "Double your glory is who perished thus,",
      "For you have died for France and vindicated us."
    ],
    "linecount": "104",
    "ratings": [ 5, 5 ]
  },
  {
    "title": "Fragments",
    "author": "Alan Seeger",
    "lines": [
      "In that fair capital where Pleasure, crowned",
      "Amidst her myriad courtiers, riots and rules,",
      "I too have been a suitor. Radiant eyes",
      "Were my life's warmth and sunshine, outspread arms",
      "My gilded deep horizons. I rejoiced",
      "In yielding to all amorous influence",
      "And multiple impulsion of the flesh,",
      "To feel within my being surge and sway",
      "The force that all the stars acknowledge too.",
      "Amid the nebulous humanity",
      "Where I an atom crawled and cleaved and sundered,",
      "I saw a million motions, but one law;",
      "And from the city's splendor to my eyes",
      "The vapors passed and there was nought but Love,",
      "A ferment turbulent, intensely fair,",
      "Where Beauty beckoned and where Strength pursued.",
      "",
      "II",
      "",
      "",
      "There was a time when I thought much of Fame,",
      "And laid the golden edifice to be",
      "That in the clear light of eternity",
      "Should fitly house the glory of my name.",
      "",
      "",
      "But swifter than my fingers pushed their plan,",
      "Over the fair foundation scarce begun,",
      "While I with lovers dallied in the sun,",
      "The ivy clambered and the rose-vine ran.",
      "",
      "",
      "And now, too late to see my vision, rise,",
      "In place of golden pinnacles and towers,",
      "Only some sunny mounds of leaves and flowers,",
      "Only beloved of birds and butterflies.",
      "",
      "",
      "My friends were duped, my favorers deceived;",
      "But sometimes, musing sorrowfully there,",
      "That flowered wreck has seemed to me so fair",
      "I scarce regret the temple unachieved.",
      "",
      "III",
      "",
      "",
      "For there were nights . . . my love to him whose brow",
      "Has glistened with the spoils of nights like those,",
      "Home turning as a conqueror turns home,",
      "What time green dawn down every street uprears",
      "Arches of triumph! He has drained as well",
      "Joy's perfumed bowl and cried as I have cried:",
      "Be Fame their mistress whom Love passes by.",
      "This only matters: from some flowery bed,",
      "Laden with sweetness like a homing bee,",
      "If one have known what bliss it is to come,",
      "Bearing on hands and breast and laughing lips",
      "The fragrance of his youth's dear rose. To him",
      "The hills have bared their treasure, the far clouds",
      "Unveiled the vision that o'er summer seas",
      "Drew on his thirsting arms. This last thing known,",
      "He can court danger, laugh at perilous odds,",
      "And, pillowed on a memory so sweet,",
      "Unto oblivious eternity",
      "Without regret yield his victorious soul,",
      "The blessed pilgrim of a vow fulfilled.",
      "",
      "IV",
      "",
      "",
      "What is Success? Out of the endless ore",
      "Of deep desire to coin the utmost gold",
      "Of passionate memory; to have lived so well",
      "That the fifth moon, when it swims up once more",
      "Through orchard boughs where mating orioles build",
      "And apple flowers unfold,",
      "Find not of that dear need that all things tell",
      "The heart unburdened nor the arms unfilled.",
      "",
      "",
      "O Love, whereof my boyhood was the dream,",
      "My youth the beautiful novitiate,",
      "Life was so slight a thing and thou so great,",
      "How could I make thee less than all-supreme!",
      "In thy sweet transports not alone I thought",
      "Mingled the twain that panted breast to breast.",
      "The sun and stars throbbed with them; they were caught",
      "Into the pulse of Nature and possessed",
      "By the same light that consecrates it so.",
      "Love! -- 'tis the payment of the debt we owe",
      "The beauty of the world, and whensoe'er",
      "In silks and perfume and unloosened hair",
      "The loveliness of lovers, face to face,",
      "Lies folded in the adorable embrace,",
      "Doubt not as of a perfect sacrifice",
      "That soul partakes whose inspiration fills",
      "The springtime and the depth of summer skies,",
      "The rainbow and the clouds behind the hills,",
      "That excellence in earth and air and sea",
      "That makes things as they are the real divinity."
    ],
    "linecount": "83",
    "ratings": [ 2, 3 ]
  },
  {
    "title": "Paris",
    "author": "Alan Seeger",
    "lines": [
      "First, London, for its myriads; for its height,",
      "Manhattan heaped in towering stalagmite;",
      "But Paris for the smoothness of the paths",
      "That lead the heart unto the heart's delight. . . .",
      "",
      "",
      "Fair loiterer on the threshold of those days",
      "When there's no lovelier prize the world displays",
      "Than, having beauty and your twenty years,",
      "You have the means to conquer and the ways,",
      "",
      "",
      "And coming where the crossroads separate",
      "And down each vista glories and wonders wait,",
      "Crowning each path with pinnacles so fair",
      "You know not which to choose, and hesitate --",
      "",
      "",
      "Oh, go to Paris. . . . In the midday gloom",
      "Of some old quarter take a little room",
      "That looks off over Paris and its towers",
      "From Saint Gervais round to the Emperor's Tomb, --",
      "",
      "",
      "So high that you can hear a mating dove",
      "Croon down the chimney from the roof above,",
      "See Notre Dame and know how sweet it is",
      "To wake between Our Lady and our love.",
      "",
      "",
      "And have a little balcony to bring",
      "Fair plants to fill with verdure and blossoming,",
      "That sparrows seek, to feed from pretty hands,",
      "And swallows circle over in the Spring.",
      "",
      "",
      "There of an evening you shall sit at ease",
      "In the sweet month of flowering chestnut-trees,",
      "There with your little darling in your arms,",
      "Your pretty dark-eyed Manon or Louise.",
      "",
      "",
      "And looking out over the domes and towers",
      "That chime the fleeting quarters and the hours,",
      "While the bright clouds banked eastward back of them",
      "Blush in the sunset, pink as hawthorn flowers,",
      "",
      "",
      "You cannot fail to think, as I have done,",
      "Some of life's ends attained, so you be one",
      "Who measures life's attainment by the hours",
      "That Joy has rescued from oblivion.",
      "",
      "II",
      "",
      "",
      "Come out into the evening streets. The green light lessens in the west.",
      "The city laughs and liveliest her fervid pulse of pleasure beats.",
      "",
      "",
      "The belfry on Saint Severin strikes eight across the smoking eaves:",
      "Come out under the lights and leaves",
      "to the Reine Blanche on Saint Germain. . . .",
      "",
      "",
      "Now crowded diners fill the floor of brasserie and restaurant.",
      "Shrill voices cry \"L'Intransigeant,\" and corners echo \"Paris-Sport.\"",
      "",
      "",
      "Where rows of tables from the street are screened with shoots of box and bay,",
      "The ragged minstrels sing and play and gather sous from those that eat.",
      "",
      "",
      "And old men stand with menu-cards, inviting passers-by to dine",
      "On the bright terraces that line the Latin Quarter boulevards. . . .",
      "",
      "",
      "But, having drunk and eaten well, 'tis pleasant then to stroll along",
      "And mingle with the merry throng that promenades on Saint Michel.",
      "",
      "",
      "Here saunter types of every sort. The shoddy jostle with the chic:",
      "Turk and Roumanian and Greek; student and officer and sport;",
      "",
      "",
      "Slavs with their peasant, Christ-like heads,",
      "and courtezans like powdered moths,",
      "And peddlers from Algiers, with cloths",
      "bright-hued and stitched with golden threads;",
      "",
      "",
      "And painters with big, serious eyes go rapt in dreams, fantastic shapes",
      "In corduroys and Spanish capes and locks uncut and flowing ties;",
      "",
      "",
      "And lovers wander two by two, oblivious among the press,",
      "And making one of them no less, all lovers shall be dear to you:",
      "",
      "",
      "All laughing lips you move among, all happy hearts that, knowing what",
      "Makes life worth while, have wasted not the sweet reprieve of being young.",
      "",
      "",
      "\"Comment ca va!\" \"Mon vieux!\" \"Mon cher!\"",
      "Friends greet and banter as they pass.",
      "'Tis sweet to see among the mass comrades and lovers everywhere,",
      "",
      "",
      "A law that's sane, a Love that's free, and men of every birth and blood",
      "Allied in one great brotherhood of Art and Joy and Poverty. . . .",
      "",
      "",
      "The open cafe-windows frame loungers at their liqueurs and beer,",
      "And walking past them one can hear fragments of Tosca and Boheme.",
      "",
      "",
      "And in the brilliant-lighted door of cinemas the barker calls,",
      "And lurid posters paint the walls with scenes of Love and crime and war.",
      "",
      "",
      "But follow past the flaming lights, borne onward with the stream of feet,",
      "Where Bullier's further up the street is marvellous on Thursday nights.",
      "",
      "",
      "Here all Bohemia flocks apace; you could not often find elsewhere",
      "So many happy heads and fair assembled in one time and place.",
      "",
      "",
      "Under the glare and noise and heat the galaxy of dancing whirls,",
      "Smokers, with covered heads, and girls dressed in the costume of the street.",
      "",
      "",
      "From tables packed around the wall the crowds that drink and frolic there",
      "Spin serpentines into the air far out over the reeking hall,",
      "",
      "",
      "That, settling where the coils unroll, tangle with pink and green and blue",
      "The crowds that rag to \"Hitchy-koo\" and boston to the \"Barcarole\". . . .",
      "",
      "",
      "Here Mimi ventures, at fifteen, to make her debut in romance,",
      "And join her sisters in the dance and see the life that they have seen.",
      "",
      "",
      "Her hair, a tight hat just allows to brush beneath the narrow brim,",
      "Docked, in the model's present whim, `frise' and banged above the brows.",
      "",
      "",
      "Uncorseted, her clinging dress with every step and turn betrays,",
      "In pretty and provoking ways her adolescent loveliness,",
      "",
      "",
      "As guiding Gaby or Lucile she dances, emulating them",
      "In each disturbing stratagem and each lascivious appeal.",
      "",
      "",
      "Each turn a challenge, every pose an invitation to compete,",
      "Along the maze of whirling feet the grave-eyed little wanton goes,",
      "",
      "",
      "And, flaunting all the hue that lies in childish cheeks and nubile waist,",
      "She passes, charmingly unchaste, illumining ignoble eyes. . . .",
      "",
      "",
      "But now the blood from every heart leaps madder through abounding veins",
      "As first the fascinating strains of \"El Irresistible\" start.",
      "",
      "",
      "Caught in the spell of pulsing sound, impatient elbows lift and yield",
      "The scented softnesses they shield to arms that catch and close them round,",
      "",
      "",
      "Surrender, swift to be possessed, the silken supple forms beneath",
      "To all the bliss the measures breathe and all the madness they suggest.",
      "",
      "",
      "Crowds congregate and make a ring. Four deep they stand and strain to see",
      "The tango in its ecstasy of glowing lives that clasp and cling.",
      "",
      "",
      "Lithe limbs relaxed, exalted eyes fastened on vacancy, they seem",
      "To float upon the perfumed stream of some voluptuous Paradise,",
      "",
      "",
      "Or, rapt in some Arabian Night, to rock there, cradled and subdued,",
      "In a luxurious lassitude of rhythm and sensual delight.",
      "",
      "",
      "And only when the measures cease and terminate the flowing dance",
      "They waken from their magic trance and join the cries that clamor \"Bis!\" . . .",
      "",
      "",
      "Midnight adjourns the festival. The couples climb the crowded stair,",
      "And out into the warm night air go singing fragments of the ball.",
      "",
      "",
      "Close-folded in desire they pass, or stop to drink and talk awhile",
      "In the cafes along the mile from Bullier's back to Montparnasse:",
      "",
      "",
      "The \"Closerie\" or \"La Rotonde\", where smoking, under lamplit trees,",
      "Sit Art's enamored devotees, chatting across their `brune' and `blonde'. . . .",
      "",
      "",
      "Make one of them and come to know sweet Paris -- not as many do,",
      "Seeing but the folly of the few, the froth, the tinsel, and the show --",
      "",
      "",
      "But taking some white proffered hand that from Earth's barren every day",
      "Can lead you by the shortest way into Love's florid fairyland.",
      "",
      "",
      "And that divine enchanted life that lurks under Life's common guise --",
      "That city of romance that lies within the City's toil and strife --",
      "",
      "",
      "Shall, knocking, open to your hands, for Love is all its golden key,",
      "And one's name murmured tenderly the only magic it demands.",
      "",
      "",
      "And when all else is gray and void in the vast gulf of memory,",
      "Green islands of delight shall be all blessed moments so enjoyed:",
      "",
      "",
      "When vaulted with the city skies, on its cathedral floors you stood,",
      "And, priest of a bright brotherhood, performed the mystic sacrifice,",
      "",
      "",
      "At Love's high altar fit to stand, with fire and incense aureoled,",
      "The celebrant in cloth of gold with Spring and Youth on either hand.",
      "",
      "III",
      "",
      "",
      "Choral Song",
      "",
      "",
      "Have ye gazed on its grandeur",
      "Or stood where it stands",
      "With opal and amber",
      "Adorning the lands,",
      "And orcharded domes",
      "Of the hue of all flowers?",
      "Sweet melody roams",
      "Through its blossoming bowers,",
      "Sweet bells usher in from its belfries the train of the honey-sweet hour.",
      "",
      "",
      "A city resplendent,",
      "Fulfilled of good things,",
      "On its ramparts are pendent",
      "The bucklers of kings.",
      "Broad banners unfurled",
      "Are afloat in its air.",
      "The lords of the world",
      "Look for harborage there.",
      "None finds save he comes as a bridegroom, having roses and vine in his hair.",
      "",
      "",
      "'Tis the city of Lovers,",
      "There many paths meet.",
      "Blessed he above others,",
      "With faltering feet,",
      "Who past its proud spires",
      "Intends not nor hears",
      "The noise of its lyres",
      "Grow faint in his ears!",
      "Men reach it through portals of triumph, but leave through a postern of tears.",
      "",
      "",
      "It was thither, ambitious,",
      "We came for Youth's right,",
      "When our lips yearned for kisses",
      "As moths for the light,",
      "When our souls cried for Love",
      "As for life-giving rain",
      "Wan leaves of the grove,",
      "Withered grass of the plain,",
      "And our flesh ached for Love-flesh beside it with bitter, intolerable pain.",
      "",
      "",
      "Under arbor and trellis,",
      "Full of flutes, full of flowers,",
      "What mad fortunes befell us,",
      "What glad orgies were ours!",
      "In the days of our youth,",
      "In our festal attire,",
      "When the sweet flesh was smooth,",
      "When the swift blood was fire,",
      "And all Earth paid in orange and purple to pavilion the bed of Desire!"
    ],
    "linecount": "174",
    "ratings": [ 1, 4 ]
  },
  {
    "title": "Juvenilia, An Ode to Natural Beauty",
    "author": "Alan Seeger",
    "lines": [
      "There is a power whose inspiration fills",
      "Nature's fair fabric, sun- and star-inwrought,",
      "Like airy dew ere any drop distils,",
      "Like perfume in the laden flower, like aught",
      "Unseen which interfused throughout the whole",
      "Becomes its quickening pulse and principle and soul.",
      "Now when, the drift of old desire renewing,",
      "Warm tides flow northward over valley and field,",
      "When half-forgotten sound and scent are wooing",
      "From their deep-chambered recesses long sealed",
      "Such memories as breathe once more",
      "Of childhood and the happy hues it wore,",
      "Now, with a fervor that has never been",
      "In years gone by, it stirs me to respond, --",
      "Not as a force whose fountains are within",
      "The faculties of the percipient mind,",
      "Subject with them to darkness and decay,",
      "But something absolute, something beyond,",
      "Oft met like tender orbs that seem to peer",
      "From pale horizons, luminous behind",
      "Some fringe of tinted cloud at close of day;",
      "And in this flood of the reviving year,",
      "When to the loiterer by sylvan streams,",
      "Deep in those cares that make Youth loveliest,",
      "Nature in every common aspect seems",
      "To comment on the burden in his breast --",
      "The joys he covets and the dreams he dreams --",
      "One then with all beneath the radiant skies",
      "That laughs with him or sighs,",
      "It courses through the lilac-scented air,",
      "A blessing on the fields, a wonder everywhere.",
      "",
      "",
      "Spirit of Beauty, whose sweet impulses,",
      "Flung like the rose of dawn across the sea,",
      "Alone can flush the exalted consciousness",
      "With shafts of sensible divinity --",
      "Light of the World, essential loveliness:",
      "Him whom the Muse hath made thy votary",
      "Not from her paths and gentle precepture",
      "Shall vulgar ends engage, nor break the spell",
      "That taught him first to feel thy secret charms",
      "And o'er the earth, obedient to their lure,",
      "Their sweet surprise and endless miracle,",
      "To follow ever with insatiate arms.",
      "On summer afternoons,",
      "When from the blue horizon to the shore,",
      "Casting faint silver pathways like the moon's",
      "Across the Ocean's glassy, mottled floor,",
      "Far clouds uprear their gleaming battlements",
      "Drawn to the crest of some bleak eminence,",
      "When autumn twilight fades on the sere hill",
      "And autumn winds are still;",
      "To watch the East for some emerging sign,",
      "Wintry Capella or the Pleiades",
      "Or that great huntsman with the golden gear;",
      "Ravished in hours like these",
      "Before thy universal shrine",
      "To feel the invoked presence hovering near,",
      "He stands enthusiastic. Star-lit hours",
      "Spent on the roads of wandering solitude",
      "Have set their sober impress on his brow,",
      "And he, with harmonies of wind and wood",
      "And torrent and the tread of mountain showers,",
      "Has mingled many a dedicative vow",
      "That holds him, till thy last delight be known,",
      "Bound in thy service and in thine alone.",
      "",
      "",
      "I, too, among the visionary throng",
      "Who choose to follow where thy pathway leads,",
      "Have sold my patrimony for a song,",
      "And donned the simple, lowly pilgrim's weeds.",
      "From that first image of beloved walls,",
      "Deep-bowered in umbrage of ancestral trees,",
      "Where earliest thy sweet enchantment falls,",
      "Tingeing a child's fantastic reveries",
      "With radiance so fair it seems to be",
      "Of heavens just lost the lingering evidence",
      "From that first dawn of roseate infancy,",
      "So long beneath thy tender influence",
      "My breast has thrilled. As oft for one brief second",
      "The veil through which those infinite offers beckoned",
      "Has seemed to tremble, letting through",
      "Some swift intolerable view",
      "Of vistas past the sense of mortal seeing,",
      "So oft, as one whose stricken eyes might see",
      "In ferny dells the rustic deity,",
      "I stood, like him, possessed, and all my being,",
      "Flooded an instant with unwonted light,",
      "Quivered with cosmic passion; whether then",
      "On woody pass or glistening mountain-height",
      "I walked in fellowship with winds and clouds,",
      "Whether in cities and the throngs of men,",
      "A curious saunterer through friendly crowds,",
      "Enamored of the glance in passing eyes,",
      "Unuttered salutations, mute replies, --",
      "In every character where light of thine",
      "Has shed on earthly things the hue of things divine",
      "I sought eternal Loveliness, and seeking,",
      "If ever transport crossed my brow bespeaking",
      "Such fire as a prophetic heart might feel",
      "Where simple worship blends in fervent zeal,",
      "It was the faith that only love of thee",
      "Needed in human hearts for Earth to see",
      "Surpassed the vision poets have held dear",
      "Of joy diffused in most communion here;",
      "That whomsoe'er thy visitations warmed,",
      "Lover of thee in all thy rays informed,",
      "Needed no difficulter discipline",
      "To seek his right to happiness within",
      "Than, sensible of Nature's loveliness,",
      "To yield him to the generous impulses",
      "By such a sentiment evoked. The thought,",
      "Bright Spirit, whose illuminings I sought,",
      "That thou unto thy worshipper might be",
      "An all-sufficient law, abode with me,",
      "Importing something more than unsubstantial dreams",
      "To vigils by lone shores and walks by murmuring streams.",
      "",
      "",
      "Youth's flowers like childhood's fade and are forgot.",
      "Fame twines a tardy crown of yellowing leaves.",
      "How swift were disillusion, were it not",
      "That thou art steadfast where all else deceives!",
      "Solace and Inspiration, Power divine",
      "That by some mystic sympathy of thine,",
      "When least it waits and most hath need of thee,",
      "Can startle the dull spirit suddenly",
      "With grandeur welled from unsuspected springs, --",
      "Long as the light of fulgent evenings,",
      "When from warm showers the pearly shades disband",
      "And sunset opens o'er the humid land,",
      "Shows thy veiled immanence in orient skies, --",
      "Long as pale mist and opalescent dyes",
      "Hung on far isle or vanishing mountain-crest,",
      "Fields of remote enchantment can suggest",
      "So sweet to wander in it matters nought,",
      "They hold no place but in impassioned thought,",
      "Long as one draught from a clear sky may be",
      "A scented luxury;",
      "Be thou my worship, thou my sole desire,",
      "Thy paths my pilgrimage, my sense a lyre",
      "Aeolian for thine every breath to stir;",
      "Oft when her full-blown periods recur,",
      "To see the birth of day's transparent moon",
      "Far from cramped walls may fading afternoon",
      "Find me expectant on some rising lawn;",
      "Often depressed in dewy grass at dawn,",
      "Me, from sweet slumber underneath green boughs,",
      "Ere the stars flee may forest matins rouse,",
      "Afoot when the great sun in amber floods",
      "Pours horizontal through the steaming woods",
      "And windless fumes from early chimneys start",
      "And many a cock-crow cheers the traveller's heart",
      "Eager for aught the coming day afford",
      "In hills untopped and valleys unexplored.",
      "Give me the white road into the world's ends,",
      "Lover of roadside hazard, roadside friends,",
      "Loiterer oft by upland farms to gaze",
      "On ample prospects, lost in glimmering haze",
      "At noon, or where down odorous dales twilit,",
      "Filled with low thundering of the mountain stream,",
      "Over the plain where blue seas border it",
      "The torrid coast-towns gleam.",
      "",
      "",
      "I have fared too far to turn back now; my breast",
      "Burns with the lust for splendors unrevealed,",
      "Stars of midsummer, clouds out of the west,",
      "Pallid horizons, winds that valley and field",
      "Laden with joy, be ye my refuge still!",
      "What though distress and poverty assail!",
      "Though other voices chide, yours never will.",
      "The grace of a blue sky can never fail.",
      "Powers that my childhood with a spell so sweet,",
      "My youth with visions of such glory nursed,",
      "Ye have beheld, nor ever seen my feet",
      "On any venture set, but 'twas the thirst",
      "For Beauty willed them, yea, whatever be",
      "The faults I wanted wings to rise above;",
      "I am cheered yet to think how steadfastly",
      "I have been loyal to the love of Love!"
    ],
    "linecount": "175",
    "ratings": [ 2, 3 ]
  },
  {
    "title": "Ode on St Cecilia's Day,",
    "author": "Alexander Pope",
    "lines": [
      "  Descend, ye Nine! descend and sing;",
      "    The breathing instruments inspire,",
      "  Wake into voice each silent string,",
      "    And sweep the sounding lyre;",
      "    In a sadly-pleasing strain",
      "    Let the warbling lute complain:",
      "      Let the loud trumpet sound,",
      "      Till the roofs all around",
      "      The shrill echoes rebound:",
      "  While in more lengthen'd notes and slow,",
      "  The deep, majestic, solemn organs blow.",
      "      Hark! the numbers soft and clear,",
      "      Gently steal upon the ear;",
      "      Now louder, and yet louder rise,",
      "      And fill with spreading sounds the skies;",
      "  Exulting in triumph now swell the bold notes,",
      "  In broken air, trembling, the wild music floats;",
      "      Till, by degrees, remote and small,",
      "        The strains decay,",
      "        And melt away,",
      "      In a dying, dying fall.",
      "",
      "  By Music, minds an equal temper know,",
      "  Nor swell too high, nor sink too low.",
      "  If in the breast tumultuous joys arise,",
      "  Music her soft, assuasive voice applies;",
      "    Or, when the soul is press'd with cares,",
      "    Exalts her in enlivening airs.",
      "  Warriors she fires with animated sounds;",
      "  Pours balm into the bleeding lover's wounds;",
      "      Melancholy lifts her head,",
      "      Morpheus rouses from his bed,",
      "      Sloth unfolds her arms and wakes,",
      "      Listening Envy drops her snakes;",
      "  Intestine war no more our passions wage,",
      "  And giddy factions hear away their rage.",
      "",
      "  But when our country's cause provokes to arms,",
      "  How martial music every bosom warms!",
      "  So when the first bold vessel dared the seas,",
      "  High on the stern the Thracian raised his strain,",
      "      While Argo saw her kindred trees",
      "      Descend from Pelion to the main.",
      "      Transported demigods stood round,",
      "    And men grew heroes at the sound,",
      "    Inflamed with glory's charms:",
      "  Each chief his sevenfold shield display'd,",
      "  And half unsheath'd the shining blade:",
      "  And seas, and rocks, and skies rebound,",
      "  'To arms, to arms, to arms!'",
      "",
      "  But when through all the infernal bounds,",
      "  Which flaming Phlegethon surrounds,",
      "      Love, strong as death, the poet led",
      "      To the pale nations of the dead,",
      "  What sounds were heard,",
      "  What scenes appear'd,",
      "    O'er all the dreary coasts!",
      "        Dreadful gleams,",
      "        Dismal screams,",
      "        Fires that glow,",
      "        Shrieks of woe,",
      "        Sullen moans,",
      "        Hollow groans,",
      "      And cries of tortured ghosts!",
      "  But, hark! he strikes the golden lyre;",
      "  And see! the tortured ghosts respire,",
      "          See, shady forms advance!",
      "    Thy stone, O Sisyphus! stands still,",
      "    Ixion rests upon his wheel.",
      "          And the pale spectres dance!",
      "  The Furies sink upon their iron beds,",
      "  And snakes uncurl'd hang listening round their heads.",
      "",
      "     'By the streams that ever flow,",
      "      By the fragrant winds that blow",
      "        O'er the Elysian flowers;",
      "      By those happy souls who dwell",
      "      In yellow meads of asphodel,",
      "        Or amaranthine bowers;",
      "      By the hero's armèd shades,",
      "      Glittering through the gloomy glades;",
      "      By the youths that died for love,",
      "      Wandering in the myrtle grove,",
      "  Restore, restore Eurydice to life:",
      "  Oh take the husband, or return the wife!'",
      "      He sung, and hell consented",
      "        To hear the poet's prayer:",
      "      Stern Proserpine relented,",
      "        And gave him back the fair.",
      "          Thus song could prevail",
      "          O'er death and o'er hell,",
      "  A conquest how hard and how glorious!",
      "      Though fate had fast bound her",
      "      With Styx nine times round her,",
      "  Yet Music and Love were victorious.",
      "",
      "  But soon, too soon, the lover turns his eyes:",
      "  Again she falls, again she dies, she dies!",
      "  How wilt thou now the fatal sisters move?",
      "  No crime was thine, if 'tis no crime to love.",
      "    Now under hanging mountains,",
      "    Beside the falls of fountains,",
      "    Or where Hebrus wanders,",
      "    Rolling in meanders,",
      "        All alone,",
      "        Unheard, unknown,",
      "        He makes his moan;",
      "        And calls her ghost,",
      "      For ever, ever, ever lost!",
      "      Now with Furies surrounded,",
      "      Despairing, confounded,",
      "      He trembles, he glows,",
      "      Amidst Rhodope's snows:",
      "    See, wild as the winds, o'er the desert he flies;",
      "    Hark! Haemus resounds with the bacchanals' cries--",
      "                       Ah see, he dies!",
      "    Yet even in death Eurydice he sung,",
      "    Eurydice still trembled on his tongue,",
      "          Eurydice the woods,",
      "          Eurydice the floods,",
      "  Eurydice the rocks and hollow mountains rung.",
      "",
      "      Music the fiercest grief can charm,",
      "      And Fate's severest rage disarm:",
      "      Music can soften pain to ease,",
      "      And make despair and madness please:",
      "      Our joys below it can improve,",
      "      And antedate the bliss above.",
      "    This the divine Cecilia found,",
      "  And to her Maker's praise confined the sound.",
      "  When the full organ joins the tuneful choir,",
      "    The immortal powers incline their ear;",
      "  Borne on the swelling notes our souls aspire,",
      "  While solemn airs improve the sacred fire;",
      "    And angels lean from heaven to hear.",
      "  Of Orpheus now no more let poets tell,",
      "  To bright Cecilia greater power is given;",
      "    His numbers raised a shade from hell,",
      "      Hers lift the soul to heaven."
    ],
    "linecount": "134",
    "ratings": [ ]
  }
]